name,status,count,candidates
刘备,single,1,standard:liubei
关羽,single,1,standard:guanyu
张飞,single,1,standard:zhangfei
诸葛亮,multiple,2,diy:ns_zhugeliang;standard:zhugeliang
赵云,single,1,standard:zhaoyun
马超,single,1,standard:machao
黄月英,single,1,standard:huangyueying
孙权,single,1,standard:sunquan
甘宁,single,1,standard:ganning
吕蒙,multiple,2,diy:ns_lvmeng;standard:lvmeng
黄盖,single,1,standard:huanggai
周瑜,single,1,standard:zhouyu
大乔,single,1,standard:daqiao
陆逊,single,1,standard:luxun
曹操,multiple,2,diy:ns_caocao;standard:caocao
司马懿,single,1,standard:simayi
夏侯惇,single,1,standard:xiahoudun
张辽,single,1,standard:zhangliao
许褚,single,1,standard:xuzhu
郭嘉,single,1,standard:guojia
甄姬,missing,0,
华佗,single,1,standard:huatuo
吕布,multiple,2,collab:ol_jsrg_lvbu;standard:lvbu
貂蝉,single,1,standard:diaochan
孙尚香,single,1,standard:sunshangxiang
黄忠,single,1,shenhua:re_huangzhong
魏延,single,1,shenhua:re_weiyan
夏侯渊,single,1,shenhua:re_xiahouyuan
曹仁,single,1,shenhua:old_caoren
小乔,single,1,shenhua:xiaoqiao
周泰,single,1,shenhua:old_zhoutai
张角,single,1,shenhua:sp_zhangjiao
于吉,multiple,3,diy:ns_yuji;diy:ns_yujisp;shenhua:re_yuji
典韦,single,1,shenhua:dianwei
荀彧,single,1,shenhua:xunyu
庞统,single,1,shenhua:pangtong
卧龙诸葛,missing,0,
太史慈,single,1,shenhua:taishici
庞德,single,1,shenhua:re_pangde
颜良文丑,single,1,shenhua:yanwen
袁绍,single,1,shenhua:re_yuanshao
徐晃,single,1,shenhua:re_xuhuang
曹丕,single,1,shenhua:caopi
孙坚,multiple,2,diy:ns_sunjian;shenhua:sunjian
董卓,single,1,shenhua:dongzhuo
祝融,single,1,shenhua:zhurong
孟获,single,1,shenhua:menghuo
贾诩,single,1,shenhua:jiaxu
鲁肃,single,1,shenhua:re_lusu
张郃,single,1,shenhua:zhanghe
邓艾,single,1,shenhua:dengai
姜维,single,1,shenhua:jiangwei
刘禅,single,1,shenhua:liushan
孙策,single,1,shenhua:sunce
张昭张纮,single,1,shenhua:zhangzhang
左慈,multiple,2,diy:ns_zuoci;shenhua:zuoci
蔡文姬,missing,0,
孙茹,single,1,huicui:dc_sunru
凌操,missing,0,
伏完,single,1,sp:fuwan
刘协,single,1,sp:liuxie
灵雎,single,1,sp:lingju
界·袁术,missing,0,
SP公孙瓒,single,1,offline:sp_gongsunzan
SP孙尚香,single,1,sp:sp_sunshangxiang
杨修,single,1,sp:yangxiu
SP庞德,single,1,sp:sp_pangde
SP关羽,single,1,sp:jsp_guanyu
SP马超,single,1,sp:sp_machao
SP赵云,single,1,sp:sp_zhaoyun
SP貂蝉,single,1,sp:sp_diaochan
SP贾诩,single,1,sp:sp_jiaxu
SP曹仁,single,1,sp:sp_caoren
SP蔡文姬,missing,0,
陈琳,single,1,sp:chenlin
曹洪,single,1,sp:caohong
关银屏,single,1,sp:guanyinping
夏侯霸,single,1,sp:xiahouba
大乔小乔,single,1,sp:daxiaoqiao
诸葛恪,single,1,sp:zhugeke
张宝,multiple,2,diy:ns_zhangbao;sp:zhangbao
乐进,single,1,sp:yuejin
曹昂,single,1,sp:caoang
诸葛瑾,single,1,sp:zhugejin
张星彩,single,1,sp:zhangxingcai
祖茂,single,1,sp:zumao
丁奉,single,1,sp:dingfeng
潘凤,single,1,huicui:re_panfeng
马良,single,1,sp:maliang
诸葛诞,single,1,sp:zhugedan
程昱,single,1,sp:chengyu
何太后,single,1,sp:hetaihou
留赞,single,1,xianding:re_liuzan
李丰,single,1,huicui:dc_lifeng
朱灵,single,1,sp2:dc_zhuling
孙鲁育,single,1,huicui:re_sunluyu
文聘,single,1,sp:wenpin
孙皓,single,1,sp:sunhao
SP姜维,single,1,sp:sp_jiangwei
兀突骨,single,1,sp:wutugu
曹植,single,1,yijiang:caozhi
高顺,single,1,yijiang:gaoshun
陈宫,single,1,yijiang:chengong
法正,single,1,yijiang:xin_fazheng
凌统,single,1,yijiang:lingtong
马谡,multiple,2,diy:ns_masu;yijiang:xin_masu
吴国太,single,1,yijiang:wuguotai
徐盛,single,1,yijiang:xusheng
于禁,single,1,yijiang:yujin
张春华,single,1,yijiang:zhangchunhua
曹彰,missing,0,
王异,single,1,yijiang:wangyi
荀攸,single,1,yijiang:xunyou
关兴张苞,missing,0,
廖化,single,1,yijiang:liaohua
界·马岱,missing,0,
步练师,single,1,yijiang:bulianshi
程普,single,1,yijiang:chengpu
韩当,single,1,yijiang:handang
界·华雄,missing,0,
刘表,single,1,yijiang:liubiao
钟会,single,1,yijiang:zhonghui
曹冲,multiple,2,collab:strong_caochong;yijiang:caochong
郭淮,single,1,yijiang:guohuai
满宠,single,1,yijiang:manchong
关平,single,1,yijiang:guanping
简雍,single,1,yijiang:jianyong
刘封,single,1,yijiang:liufeng
潘璋马忠,single,1,yijiang:panzhangmazhong
虞翻,single,1,yijiang:yufan
朱然,single,1,yijiang:zhuran
伏皇后,missing,0,
李儒,single,1,yijiang:xin_liru
界·法正,missing,0,
徐庶,single,1,yijiang:xin_xushu
界·王异,missing,0,
界·关兴张苞,missing,0,
马岱,single,1,yijiang:old_madai
神关羽,single,1,extra:shen_guanyu
神吕蒙,single,1,extra:shen_lvmeng
神周瑜,single,1,extra:shen_zhouyu
神诸葛亮,single,1,extra:shen_zhugeliang
神曹操,single,1,extra:shen_caocao
神吕布,single,1,extra:shen_lvbu
神赵云,single,1,extra:shen_zhaoyun
神司马懿,single,1,extra:shen_simayi
界·周泰,missing,0,
界·于吉,missing,0,
界·张角,missing,0,
华雄,single,1,standard:huaxiong
袁术,single,1,standard:re_yuanshu
界·刘备,missing,0,
界·关羽,missing,0,
界·张飞,missing,0,
界·赵云,missing,0,
界·马超,missing,0,
SP徐庶,missing,0,
界·甘宁,missing,0,
界·吕蒙,missing,0,
界·黄盖,missing,0,
界·周瑜,missing,0,
界·大乔,missing,0,
界·陆逊,missing,0,
界·曹操,missing,0,
界·司马懿,missing,0,
界·夏侯惇,missing,0,
界·张辽,missing,0,
界·许褚,missing,0,
界·郭嘉,missing,0,
李典,single,1,standard:old_re_lidian
界·华佗,missing,0,
界·吕布,missing,0,
公孙瓒,missing,0,
曹真,single,1,yijiang:caozhen
韩浩史涣,single,1,yijiang:hanhaoshihuan
陈群,single,1,yijiang:chenqun
吴懿,single,1,yijiang:wuyi
周仓,single,1,yijiang:zhoucang
张松,single,1,yijiang:zhangsong
孙鲁班,single,1,yijiang:sunluban
朱桓,single,1,yijiang:zhuhuan
顾雍,single,1,yijiang:guyong
沮授,single,1,yijiang:yj_jushou
蔡夫人,single,1,yijiang:caifuren
曹叡,single,1,yijiang:caorui
曹休,single,1,yijiang:caoxiu
钟繇,single,1,yijiang:zhongyao
刘谌,single,1,yijiang:liuchen
夏侯氏,single,1,yijiang:xiahoushi
张嶷,single,1,yijiang:zhangyi
孙休,single,1,yijiang:sunxiu
朱治,single,1,yijiang:zhuzhi
全琮,single,1,yijiang:quancong
公孙渊,single,1,yijiang:gongsunyuan
郭图逢纪,single,1,yijiang:guotufengji
张鲁,single,1,sp:zhanglu
士燮,single,1,sp:shixie
蹋顿,single,1,sp:tadun
严白虎,missing,0,
关索,single,1,sp:guansuo
王朗,missing,0,
司马朗,single,1,sp:simalang
SP黄月英,single,1,sp:jsp_huangyueying
王基,single,1,shenhua:wangji
步骘,single,1,sp:buzhi
李通,single,1,sp:litong
糜竺,single,1,sp:mizhu
董白,single,1,huicui:re_dongbai
赵襄,single,1,sp:zhaoxiang
贺齐,single,1,sp:heqi
马忠,single,1,sp:mazhong
阚泽,single,1,huicui:re_kanze
王允,multiple,2,diy:ns_wangyun;sp:wangyun
麹义,missing,0,
戏志才,single,1,sp:xizhicai
孙乾,single,1,sp:sunqian
郭皇后,single,1,yijiang:guohuanghou
李严,single,1,yijiang:liyan
孙登,single,1,yijiang:sundeng
刘虞,single,1,yijiang:liuyu
岑昏,multiple,2,collab:shi_cenhun;yijiang:cenhun
孙资刘放,single,1,yijiang:sunziliufang
黄皓,single,1,yijiang:huanghao
张让,multiple,2,mobile:scs_zhangrang;yijiang:zhangrang
辛宪英,multiple,2,diy:ns_xinxianying;yijiang:xinxianying
吴苋,single,1,yijiang:wuxian
徐氏,single,1,yijiang:xushi
曹节,single,1,yijiang:caojie
嵇康,single,1,yijiang:jikang
秦宓,single,1,yijiang:qinmi
薛综,single,1,yijiang:xuezong
蔡邕,single,1,yijiang:caiyong
界·黄月英,missing,0,
界·诸葛亮,missing,0,
界·孙权,missing,0,
界·孙尚香,missing,0,
界·甄姬,missing,0,
界·貂蝉,missing,0,
刘焉,single,1,sp:liuyan
潘濬,single,1,sp:panjun
赵统赵广,single,1,huicui:dc_zhaotongzhaoguang
董允,single,1,sp:dongyun
吕虔,single,1,sp:lvqian
sp庞统,missing,0,
sp太史慈,missing,0,
鲁芝,single,1,sp:luzhi
马云騄,single,1,sp:mayunlu
张梁,missing,0,
严颜,single,1,shenhua:yanyan
王平,single,1,shenhua:wangping
陆绩,single,1,shenhua:luji
孙亮,single,1,shenhua:sunliang
蒯越蒯良,missing,0,
许攸,single,1,shenhua:xuyou
卢植,single,1,shenhua:yl_luzhi
刘琦,single,1,sp2:sp_liuqi
界·伊籍,missing,0,
马钧,single,1,newjiang:yj_majun
李傕,single,1,sp2:lijue
郭汜,single,1,sp2:guosi
徐荣,single,1,xianding:xurong
界·卧龙诸葛,missing,0,
界·典韦,missing,0,
界·荀彧,missing,0,
SP司马昭,multiple,2,mobile:simazhao;offline:sp_simazhao
王元姬,missing,0,
界·庞德,missing,0,
界·庞统,missing,0,
界·颜良文丑,missing,0,
界·袁绍,missing,0,
神刘备,single,1,extra:shen_liubei
神陆逊,single,1,extra:shen_luxun
张济,single,1,sp2:zhangji
樊稠,single,1,sp2:fanchou
界·徐晃,missing,0,
界·孟获,missing,0,
界·祝融,missing,0,
严畯,single,1,sp:yanjun
杜畿,missing,0,
鲍三娘,single,1,sp:baosanniang
卑弥呼,missing,0,
界·曹丕,missing,0,
界·孙坚,missing,0,
界·董卓,missing,0,
吕岱,missing,0,
周鲂,single,1,sp:zhoufang
刘繇,missing,0,
曹婴,single,1,sp:caoying
审配,multiple,2,diy:ns_shenpei;mobile:shenpei
界·邓艾,missing,0,
界·姜维,missing,0,
界·蔡文姬,missing,0,
沙摩柯,single,1,sp:shamoke
界·左慈,missing,0,
界·孙策,missing,0,
界·张昭张纮,missing,0,
界·刘禅,missing,0,
胡金定,missing,0,
何进,single,1,sp:hejin
牛金,single,1,sp:niujin
韩遂,single,1,sp:hansui
诸葛果,single,1,sp:zhugeguo
曹纯,single,1,sp:caochun
祢衡,single,1,huicui:re_miheng
陶谦,single,1,sp2:re_taoqian
刘晔,single,1,xianding:dc_liuye
界·黄忠,missing,0,
界·魏延,missing,0,
界·夏侯渊,missing,0,
界·曹仁,missing,0,
界·小乔,missing,0,
庞德公,single,1,sp2:re_pangdegong
司马徽,single,1,sp:simahui
甘夫人,single,1,xianding:dc_ganfuren
孔融,single,1,huicui:dc_kongrong
纪灵,single,1,huicui:dc_jiling
田丰,missing,0,
邹氏,multiple,2,sp:zoushi;sp2:re_zoushi
蒋琬费祎,single,1,huicui:jiangfei
臧霸,missing,0,
糜夫人,multiple,2,sp:mifuren;xianding:dc_mifuren
陈武董袭,single,1,xianding:chendong
张任,missing,0,
蒋钦,single,1,shiji:sp_jiangqing
李傕郭汜,single,1,sp2:liqueguosi
吕范,single,1,xianding:lvfan
神太史慈,multiple,2,extra:shen_taishici;shiji:shen_taishici
王凌,single,1,shiji:wangling
卞夫人,single,1,sp:ol_bianfuren
神郭嘉,multiple,2,extra:shen_guojia;shiji:shen_guojia
神荀彧,multiple,2,extra:shen_xunyu;shiji:shen_xunyu
神孙策,multiple,2,extra:shen_sunce;shiji:shen_sunce
毌丘俭,single,1,shenhua:guanqiujian
陈到,single,1,shenhua:chendao
诸葛瞻,single,1,shenhua:zhugezhan
周妃,single,1,shenhua:zhoufei
陆抗,single,1,shenhua:lukang
张绣,multiple,2,diy:ns_zhangxiu;shenhua:zhangxiu
郝昭,single,1,shenhua:haozhao
仲帝袁术,missing,0,
神张辽,single,1,extra:shen_zhangliao
神甘宁,single,1,extra:shen_ganning
张琪瑛,missing,0,
许贡,single,1,sp2:xugong
张恭,single,1,sp2:zhanggong
吕凯,single,1,sp2:lvkai
卫温诸葛直,single,1,sp2:weiwenzhugezhi
张翼,missing,0,
贾逵,single,1,mobile:jiakui
界·徐盛,missing,0,
界·吴国太,missing,0,
界·高顺,missing,0,
杨彪,single,1,xianding:dc_yangbiao
陈登,single,1,huicui:re_chendeng
董承,single,1,sp2:re_dongcheng
杨仪,multiple,2,diy:ns_yangyi;sp:ol_yangyi
界·于禁,missing,0,
界·曹植,missing,0,
界·凌统,missing,0,
界·韩当,missing,0,
界·程普,missing,0,
界·钟会,missing,0,
界·曹彰,missing,0,
界·廖化,missing,0,
界·步练师,missing,0,
界·刘表,missing,0,
邓芝,single,1,huicui:re_dengzhi
郑玄,single,1,mobile:zhengxuan
星·张辽,missing,0,
星·甘宁,missing,0,
星·徐晃,missing,0,
星·张郃,missing,0,
苏飞,single,1,newjiang:yj_sufei
傅肜,single,1,sp:ol_furong
界·公孙瓒,missing,0,
丁原,single,1,sp2:ol_dingyuan
界·李儒,missing,0,
界·满宠,missing,0,
界·简雍,missing,0,
界·虞翻,missing,0,
司马师,single,1,mobile:simashi
羊徽瑜,single,1,mobile:yanghuiyu
界·朱然,missing,0,
胡车儿,single,1,sp2:re_hucheer
公孙康,single,1,mobile:gongsunkang
界·郭淮,missing,0,
界·潘璋马忠,missing,0,
界·伏皇后,missing,0,
王粲,single,1,sp:wangcan
陈震,single,1,shiji:sp_chenzhen
孙邵,single,1,sp:sunshao
荀谌,single,1,huicui:re_xunchen
南华老仙,multiple,2,diy:ns_xinnanhua;sp2:re_nanhualaoxian
费祎,single,1,sp:ol_feiyi
骆统,single,1,xianding:dc_luotong
杜预,single,1,xianding:dc_duyu
辛毗,single,1,sp2:xinpi
吴景,single,1,shiji:wujing
界·陈群,missing,0,
王甫赵累,single,1,shiji:wangfuzhaolei
周处,single,1,sp:jin_zhouchu
周群,multiple,2,mobile:zhouqun;sp:ol_zhouqun
界·周仓,missing,0,
羊祜,multiple,2,diy:ns_yanghu;huicui:dc_yanghu
华歆,single,1,huicui:huaxin
许靖,single,1,xianding:dc_xujing
蔡贞姬,single,1,shiji:caizhenji
向宠,single,1,shiji:xiangchong
刘璋,multiple,2,diy:ns_liuzhang;shiji:liuzhang
张仲景,missing,0,
张温,single,1,sp2:zhangwen
谯周,single,1,newjiang:yj_qiaozhou
文鸯,multiple,2,diy:diy_wenyang;xianding:wenyang
袁涣,single,1,shiji:yuanhuan
宗预,missing,0,
花鬘,single,1,xianding:huaman
孙翊,multiple,2,diy:ns_sunyi;xianding:re_sunyi
高览,single,1,huicui:dc_gaolan
马元义,single,1,mobile:mayuanyi
崔琰,single,1,sp:cuiyan
蒋琬·改,missing,0,
阎圃,single,1,mobile:yanpu
界·顾雍,missing,0,
界·蔡夫人,missing,0,
界·孙鲁班,missing,0,
界·曹真,missing,0,
星·黄忠,missing,0,
毛玠,single,1,mobile:sp_maojie
王双,single,1,xianding:wangshuang
孙寒华,single,1,huicui:dc_sunhanhua
谋·刘赪,missing,0,
谋·徐晃,missing,0,
谋·吕蒙,missing,0,
谋·于禁,missing,0,
谋·黄忠,missing,0,
界·孙休,missing,0,
谋·华雄,missing,0,
桥公,single,1,shiji:qiaogong
张昌蒲,single,1,sp2:zhangchangpu
皇甫嵩,single,1,sp:huangfusong
朱儁,single,1,sp2:zhujun
谋·杨婉,missing,0,
谋·马超,missing,0,
谋·张飞,missing,0,
谋·赵云,missing,0,
傅佥,single,1,mobile:fuqian
阮慧,single,1,mobile:ruanhui
界·沮授,missing,0,
谋·孙尚香,missing,0,
马日磾,single,1,huicui:mamidi
王濬,single,1,xianding:dc_wangjun
界·全琮,missing,0,
谋·夏侯氏,missing,0,
谋·曹操,missing,0,
谋·曹仁,missing,0,
谋·周瑜,missing,0,
谋·甄姬,missing,0,
曹嵩,single,1,sp2:caosong
界·吴懿,missing,0,
裴秀,multiple,2,newjiang:fj_peixiu;sp:ol_peixiu
界·朱治,missing,0,
谋·貂蝉,missing,0,
谋·袁绍,missing,0,
谋·庞统,missing,0,
谋·刘备,missing,0,
谋·姜维,missing,0,
谋·法正,missing,0,
谋·陈宫,missing,0,
谋·甘宁,missing,0,
谋·黄盖,missing,0,
谋·孙权,missing,0,
界·张嶷,missing,0,
十常侍,single,1,mobile:shichangshi
杨阜,single,1,mobile:yangfu
谋·大乔,missing,0,
谋·孟获,missing,0,
牵招,single,1,sp:ol_qianzhao
濮阳兴,single,1,tw:tw_puyangxing
界·曹休,missing,0,
谋·孙策,missing,0,
郭女王,missing,0,
星·魏延,missing,0,
界·朱桓,missing,0,
谋·祝融,missing,0,
阎象,single,1,mobile:yanxiang
星·周不疑,missing,0,
神华佗,multiple,2,extra:dc_shen_huatuo;xianding:dc_shen_huatuo
谋·卢植,missing,0,
鲍信,single,1,mobile:baoxin
谋·诸葛亮,missing,0,
谋·关羽,missing,0,
胡班,single,1,sp2:dc_huban
陈珪,single,1,huicui:chengui
谋·曹丕,missing,0,
谋·黄月英,missing,0,
谋·小乔,missing,0,
木鹿大王,single,1,mobile:muludawang
霍峻,single,1,huicui:dc_huojun
神鲁肃,multiple,2,extra:shen_lusu;shiji:shen_lusu
谋·夏侯惇,missing,0,
曹髦,single,1,xianding:caomao
谋·公孙瓒,missing,0,
司马孚,single,1,newjiang:yj_simafu
谋·韩当,missing,0,
谋·陆逊,missing,0,
来敏,single,1,mobile:laimin
张奋,single,1,xianding:zhangfen
文钦,single,1,sp:ol_wenqin
SP甄姬,missing,0,
贾充,single,1,huicui:dc_jiachong
谋·贾诩,missing,0,
谋·诸葛瑾,missing,0,
司马昭,single,1,diy:ns_simazhao
势·太史慈,missing,0,
星·董卓,missing,0,
势·董昭,missing,0,
王经,single,1,mobile:mb_wangjing
友·诸葛亮,missing,0,
友·庞统,missing,0,
友·徐庶,missing,0,
谋·郭淮,missing,0,
清河公主,single,1,sp:qinghegongzhu
娄圭,missing,0,
势·于吉,missing,0,
杨弘,single,1,xianding:yanghong
张布,single,1,mobile:zhangbu
谋·吕布,missing,0,
吴珂,single,1,mobile:wuke
势·魏延,missing,0,
孙韶,missing,0,
势·陈到,missing,0,
庞羲,missing,0,
势·陆郁生,missing,0,
势·黄祖,missing,0,
笮融,single,1,xianding:zerong
势·张燕,missing,0,
势·田丰,missing,0,
乐就,single,1,huicui:dc_yuejiu
势·国渊,missing,0,
SP曹操,multiple,2,diy:ns_caocaosp;sp:sp_ol_caocao
势·辛宪英,missing,0,
孟达,single,1,sp2:dc_mengda
蒋济,single,1,mobile:jiangji
玄·毌丘俭,missing,0,
崔芙,missing,0,
势·鲁肃,missing,0,
势·陈祗,missing,0,
势·钟会,missing,0,
势·王昶,missing,0,
SP于禁,single,1,tw:tw_yujin
势·邓艾,missing,0,
势·桓阶,missing,0,
神姜维,multiple,2,extra:shen_jiangwei;xianding:shen_jiangwei
张既,single,1,sp:ol_tw_zhangji
骥·张辽,missing,0,
骥·李典,missing,0,
骥·乐进,missing,0,
星·法正,missing,0,
阳球,missing,0,
谋·朱然,missing,0,
朱绩,missing,0,
谋·张郃,missing,0,
国战于禁,missing,0,
谋·田豫,missing,0,
神马超,multiple,2,extra:shen_machao;xianding:shen_machao
彻里吉,single,1,yingbian:cheliji
马腾,missing,0,
势·孙綝,missing,0,
势·孙峻,missing,0,
